utilization_id,source_type,source_id,shipment_id,utilization_type,amount,currency,linked_facility_id,linked_eefc_txn_id,linked_fx_deal_id
UTIL-0001,payment,PAY-0021,SHP-0056,funded_by_fx_booking,343265.75,AED,,,
UTIL-0002,remittance,RMT-0012,SHP-0012,repaid_packing_credit,2914293.38,INR,TFF-0006,,
UTIL-0003,remittance,RMT-0012,SHP-0012,converted_to_inr,151270.94,AED,,,
UTIL-0004,payment,PAY-0004,SHP-0039,funded_by_fx_booking,310216.49,EUR,,,
UTIL-0005,remittance,RMT-0008,SHP-0008,converted_to_inr,754287.02,AED,,,
UTIL-0006,payment,PAY-0003,SHP-0038,funded_by_fx_booking,241448.74,AED,,,
UTIL-0007,remittance,RMT-0022,SHP-0022,repaid_packing_credit,29845139.81,INR,TFF-0011,,
UTIL-0008,remittance,RMT-0022,SHP-0022,retained_eefc,392349.24,EUR,,EEFCTXN-0001,
UTIL-0009,remittance,RMT-0035,SHP-0035,converted_to_inr,503482.94,AED,,,
UTIL-0010,payment,PAY-0005,SHP-0040,funded_by_fx_booking,822517.96,USD,,,
UTIL-0011,remittance,RMT-0016,SHP-0016,repaid_packing_credit,47065016.98,INR,TFF-0009,,
UTIL-0012,remittance,RMT-0016,SHP-0016,converted_to_inr,744119.42,USD,,,
UTIL-0013,remittance,RMT-0027,SHP-0027,repaid_packing_credit,22766055.85,INR,TFF-0014,,
UTIL-0014,remittance,RMT-0027,SHP-0027,converted_to_inr,355133.71,USD,,,
UTIL-0015,remittance,RMT-0018,SHP-0018,retained_eefc,202780.43,EUR,,EEFCTXN-0002,
UTIL-0016,payment,PAY-0016,SHP-0051,funded_by_fx_booking,781500.11,AED,,,FX-0012
UTIL-0017,remittance,RMT-0005,SHP-0005,repaid_packing_credit,10905751.7,INR,TFF-0003,,
UTIL-0018,remittance,RMT-0005,SHP-0005,retained_eefc,576245.39,AED,,EEFCTXN-0003,
UTIL-0019,payment,PAY-0008,SHP-0043,funded_by_fx_booking,451533.89,USD,,,
UTIL-0020,payment,PAY-0010,SHP-0045,funded_by_import_loan,480162.36,AED,TFF-0021,,
UTIL-0021,remittance,RMT-0009,SHP-0009,repaid_packing_credit,6519065.68,INR,TFF-0005,,
UTIL-0022,remittance,RMT-0009,SHP-0009,converted_to_inr,375600.08,AED,,,
UTIL-0023,payment,PAY-0013,SHP-0048,funded_by_fx_booking,578420.41,AED,,,
UTIL-0024,remittance,RMT-0014,SHP-0014,converted_to_inr,289049.53,USD,,,
UTIL-0025,remittance,RMT-0002,SHP-0002,repaid_packing_credit,6809035.93,INR,TFF-0002,,
UTIL-0026,remittance,RMT-0002,SHP-0002,retained_eefc,100274.59,USD,,EEFCTXN-0004,
UTIL-0027,remittance,RMT-0029,SHP-0029,repaid_packing_credit,2118119.69,INR,TFF-0016,,
UTIL-0028,remittance,RMT-0029,SHP-0029,retained_eefc,27731.83,EUR,,EEFCTXN-0005,
UTIL-0029,remittance,RMT-0024,SHP-0024,repaid_packing_credit,21547308.14,INR,TFF-0012,,
UTIL-0030,remittance,RMT-0024,SHP-0024,converted_to_inr,334547.69,EUR,,,
UTIL-0031,remittance,RMT-0017,SHP-0017,converted_to_inr,383623.07,AED,,,
UTIL-0032,remittance,RMT-0034,SHP-0034,repaid_packing_credit,42468137.31,INR,TFF-0020,,
UTIL-0033,remittance,RMT-0034,SHP-0034,converted_to_inr,605703.98,USD,,,
UTIL-0034,remittance,RMT-0025,SHP-0025,repaid_packing_credit,3738050.89,INR,TFF-0013,,
UTIL-0035,remittance,RMT-0025,SHP-0025,retained_eefc,200691.75,AED,,EEFCTXN-0006,
UTIL-0036,remittance,RMT-0032,SHP-0032,repaid_packing_credit,8614872.4,INR,TFF-0019,,
UTIL-0037,remittance,RMT-0032,SHP-0032,retained_eefc,149021.77,USD,,EEFCTXN-0007,
UTIL-0038,remittance,RMT-0023,SHP-0023,retained_eefc,713902.9,USD,,EEFCTXN-0008,
UTIL-0039,remittance,RMT-0010,SHP-0010,converted_to_inr,734715.42,USD,,,
UTIL-0040,payment,PAY-0002,SHP-0037,funded_by_fx_booking,737622.73,EUR,,,FX-0031
UTIL-0041,remittance,RMT-0031,SHP-0031,repaid_packing_credit,554592.78,INR,TFF-0018,,
UTIL-0042,remittance,RMT-0031,SHP-0031,converted_to_inr,26493.18,AED,,,
UTIL-0043,payment,PAY-0023,SHP-0058,funded_by_fx_booking,381743.86,AED,,,FX-0010
UTIL-0044,payment,PAY-0018,SHP-0053,funded_by_fx_booking,393557.9,AED,,,FX-0033
UTIL-0045,payment,PAY-0025,SHP-0060,funded_by_fx_booking,334656.21,EUR,,,
UTIL-0046,remittance,RMT-0028,SHP-0028,repaid_packing_credit,26787676.16,INR,TFF-0015,,
UTIL-0047,remittance,RMT-0028,SHP-0028,retained_eefc,453909.65,USD,,EEFCTXN-0009,
UTIL-0048,payment,PAY-0019,SHP-0054,funded_by_import_loan,612242.24,AED,TFF-0022,,
