fx_deal_id,deal_type,sell_currency,buy_currency,amount,deal_date,value_date,booked_rate,counterparty_bank,linked_exposure_type,linked_exposure_id,status
FX-0001,forward,USD,INR,250898.29,2026-08-08,2026-10-24,81.333,BANK-002,shipment,SHP-0001,open
FX-0002,forward,USD,INR,244056.7,2026-07-25,2026-09-04,80.6048,BANK-003,shipment,SHP-0006,matured
FX-0003,forward,INR,EUR,737622.73,2026-02-20,2026-04-20,89.9172,BANK-004,shipment,SHP-0037,rolled
FX-0004,forward,INR,AED,272216.21,2026-09-25,2026-11-14,21.7497,BANK-003,shipment,SHP-0046,open
FX-0005,forward,USD,INR,289049.53,2025-11-06,2026-01-04,82.8413,BANK-002,shipment,SHP-0014,matured
FX-0006,forward,INR,AED,595978.34,2026-10-02,2026-11-17,21.9161,BANK-005,shipment,SHP-0055,open
FX-0007,forward,USD,INR,605703.98,2025-12-30,2026-02-06,82.2816,BANK-004,shipment,SHP-0034,rolled
FX-0008,forward,INR,USD,725282.29,2026-08-31,2026-10-20,81.3151,BANK-004,shipment,SHP-0049,open
FX-0009,forward,USD,INR,718585.56,2026-09-14,2026-11-20,80.9674,BANK-005,shipment,SHP-0013,open
FX-0010,forward,INR,AED,381743.86,2026-03-29,2026-05-22,21.7985,BANK-002,shipment,SHP-0058,matured
FX-0011,forward,INR,EUR,412744.53,2026-10-31,2026-12-19,90.7675,BANK-002,shipment,SHP-0047,open
FX-0012,forward,INR,AED,781500.11,2025-10-03,2025-12-06,22.6623,BANK-004,shipment,SHP-0051,matured
FX-0013,forward,USD,INR,149021.77,2026-01-09,2026-02-22,82.6507,BANK-004,shipment,SHP-0032,matured
FX-0014,forward,AED,INR,837733.86,2026-09-25,2026-11-13,21.8496,BANK-005,shipment,SHP-0004,open
FX-0015,forward,INR,AED,393557.9,2026-05-09,2026-06-28,22.184,BANK-005,shipment,SHP-0053,rolled
FX-0016,forward,EUR,INR,202780.43,2025-10-01,2025-12-01,90.3781,BANK-005,shipment,SHP-0018,rolled
FX-0017,forward,AED,INR,375600.08,2025-10-13,2025-12-14,22.7811,BANK-004,shipment,SHP-0009,matured
FX-0018,forward,USD,INR,688188.01,2026-07-28,2026-10-08,80.6002,BANK-004,shipment,SHP-0007,open
FX-0019,forward,INR,AED,747941.88,2026-10-28,2026-12-15,21.8988,BANK-002,shipment,SHP-0041,open
FX-0020,forward,AED,INR,576245.39,2025-10-08,2025-11-30,22.7486,BANK-001,shipment,SHP-0005,matured
FX-0021,forward,INR,EUR,537218.99,2026-07-30,2026-09-14,90.8217,BANK-001,shipment,SHP-0044,open
FX-0022,forward,AED,INR,178040.23,2026-05-16,2026-06-27,22.4845,BANK-001,shipment,SHP-0020,matured
FX-0023,forward,AED,INR,503482.94,2025-09-29,2025-11-16,22.9786,BANK-002,shipment,SHP-0035,matured
FX-0024,forward,INR,AED,463322.61,2026-09-14,2026-11-23,21.8991,BANK-003,shipment,SHP-0059,open
FX-0025,forward,AED,INR,437365.82,2026-10-08,2026-11-27,21.8932,BANK-004,shipment,SHP-0026,open
FX-0026,forward,INR,AED,267848.5,2026-08-13,2026-09-08,22.1745,BANK-002,shipment,SHP-0057,open
FX-0027,forward,USD,INR,744119.42,2025-09-06,2025-11-24,82.8966,BANK-001,shipment,SHP-0016,rolled
FX-0028,forward,USD,INR,453909.65,2026-05-27,2026-07-19,81.1256,BANK-003,shipment,SHP-0028,rolled
FX-0029,forward,USD,INR,734715.42,2026-02-09,2026-04-03,82.3878,BANK-003,shipment,SHP-0010,matured
FX-0030,forward,AED,INR,26493.18,2026-02-10,2026-04-11,23.2342,BANK-005,shipment,SHP-0031,rolled
FX-0031,forward,INR,EUR,737622.73,2026-04-20,2026-05-04,90.0127,BANK-004,shipment,SHP-0037,matured
FX-0032,forward,USD,INR,605703.98,2026-02-06,2026-02-25,82.3423,BANK-004,shipment,SHP-0034,matured
FX-0033,forward,INR,AED,393557.9,2026-06-28,2026-07-10,22.2044,BANK-005,shipment,SHP-0053,matured
FX-0034,forward,EUR,INR,202780.43,2025-12-01,2025-12-16,90.5161,BANK-005,shipment,SHP-0018,matured
FX-0035,forward,USD,INR,744119.42,2025-11-24,2025-12-13,82.9611,BANK-001,shipment,SHP-0016,matured
FX-0036,forward,USD,INR,453909.65,2026-07-19,2026-07-31,81.1723,BANK-003,shipment,SHP-0028,matured
FX-0037,forward,AED,INR,26493.18,2026-04-11,2026-04-30,23.2656,BANK-005,shipment,SHP-0031,matured
