date,currency_pair,rate
2025-09-06,USD/INR,83.1402
2025-09-07,USD/INR,83.2316
2025-09-08,USD/INR,83.1913
2025-09-09,USD/INR,83.2785
2025-09-10,USD/INR,83.1327
2025-09-11,USD/INR,83.1436
2025-09-12,USD/INR,83.1301
2025-09-13,USD/INR,83.1819
2025-09-14,USD/INR,83.2336
2025-09-15,USD/INR,83.259
2025-09-16,USD/INR,83.3557
2025-09-17,USD/INR,83.4878
2025-09-18,USD/INR,83.3703
2025-09-19,USD/INR,83.2905
2025-09-20,USD/INR,83.148
2025-09-21,USD/INR,83.2632
2025-09-22,USD/INR,83.2817
2025-09-23,USD/INR,83.4062
2025-09-24,USD/INR,83.3226
2025-09-25,USD/INR,83.1916
2025-09-26,USD/INR,83.2888
2025-09-27,USD/INR,83.4116
2025-09-28,USD/INR,83.3522
2025-09-29,USD/INR,83.3247
2025-09-30,USD/INR,83.2167
2025-10-01,USD/INR,83.3505
2025-10-02,USD/INR,83.2919
2025-10-03,USD/INR,83.2896
2025-10-04,USD/INR,83.1688
2025-10-05,USD/INR,83.285
2025-10-06,USD/INR,83.1757
2025-10-07,USD/INR,83.1618
2025-10-08,USD/INR,83.2129
2025-10-09,USD/INR,83.2859
2025-10-10,USD/INR,83.4196
2025-10-11,USD/INR,83.3954
2025-10-12,USD/INR,83.4681
2025-10-13,USD/INR,83.3644
2025-10-14,USD/INR,83.3389
2025-10-15,USD/INR,83.2186
2025-10-16,USD/INR,83.2154
2025-10-17,USD/INR,83.1878
2025-10-18,USD/INR,83.3233
2025-10-19,USD/INR,83.1831
2025-10-20,USD/INR,83.1443
2025-10-21,USD/INR,83.1273
2025-10-22,USD/INR,83.2624
2025-10-23,USD/INR,83.3691
2025-10-24,USD/INR,83.2489
2025-10-25,USD/INR,83.3046
2025-10-26,USD/INR,83.3179
2025-10-27,USD/INR,83.4613
2025-10-28,USD/INR,83.4189
2025-10-29,USD/INR,83.3883
2025-10-30,USD/INR,83.2953
2025-10-31,USD/INR,83.1819
2025-11-01,USD/INR,83.2863
2025-11-02,USD/INR,83.2727
2025-11-03,USD/INR,83.3216
2025-11-04,USD/INR,83.3641
2025-11-05,USD/INR,83.3932
2025-11-06,USD/INR,83.2496
2025-11-07,USD/INR,83.3357
2025-11-08,USD/INR,83.2587
2025-11-09,USD/INR,83.1465
2025-11-10,USD/INR,83.1659
2025-11-11,USD/INR,83.0365
2025-11-12,USD/INR,83.116
2025-11-13,USD/INR,83.0282
2025-11-14,USD/INR,82.943
2025-11-15,USD/INR,83.0539
2025-11-16,USD/INR,83.0024
2025-11-17,USD/INR,82.8967
2025-11-18,USD/INR,83.0169
2025-11-19,USD/INR,82.8677
2025-11-20,USD/INR,82.9752
2025-11-21,USD/INR,82.8686
2025-11-22,USD/INR,82.7576
2025-11-23,USD/INR,82.6828
2025-11-24,USD/INR,82.5852
2025-11-25,USD/INR,82.6335
2025-11-26,USD/INR,82.4912
2025-11-27,USD/INR,82.3457
2025-11-28,USD/INR,82.4327
2025-11-29,USD/INR,82.3541
2025-11-30,USD/INR,82.3012
2025-12-01,USD/INR,82.2035
2025-12-02,USD/INR,82.0692
2025-12-03,USD/INR,82.1417
2025-12-04,USD/INR,82.1495
2025-12-05,USD/INR,82.2232
2025-12-06,USD/INR,82.2161
2025-12-07,USD/INR,82.2995
2025-12-08,USD/INR,82.3035
2025-12-09,USD/INR,82.1862
2025-12-10,USD/INR,82.1873
2025-12-11,USD/INR,82.321
2025-12-12,USD/INR,82.184
2025-12-13,USD/INR,82.269
2025-12-14,USD/INR,82.379
2025-12-15,USD/INR,82.3855
2025-12-16,USD/INR,82.3729
2025-12-17,USD/INR,82.5121
2025-12-18,USD/INR,82.3803
2025-12-19,USD/INR,82.374
2025-12-20,USD/INR,82.3445
2025-12-21,USD/INR,82.4004
2025-12-22,USD/INR,82.3974
2025-12-23,USD/INR,82.5203
2025-12-24,USD/INR,82.3924
2025-12-25,USD/INR,82.2666
2025-12-26,USD/INR,82.2991
2025-12-27,USD/INR,82.1688
2025-12-28,USD/INR,82.1013
2025-12-29,USD/INR,82.1413
2025-12-30,USD/INR,82.1558
2025-12-31,USD/INR,82.1033
2026-01-01,USD/INR,82.2517
2026-01-02,USD/INR,82.2609
2026-01-03,USD/INR,82.247
2026-01-04,USD/INR,82.2786
2026-01-05,USD/INR,82.1584
2026-01-06,USD/INR,82.2189
2026-01-07,USD/INR,82.3247
2026-01-08,USD/INR,82.37
2026-01-09,USD/INR,82.4507
2026-01-10,USD/INR,82.517
2026-01-11,USD/INR,82.4315
2026-01-12,USD/INR,82.4169
2026-01-13,USD/INR,82.3355
2026-01-14,USD/INR,82.2872
2026-01-15,USD/INR,82.2732
2026-01-16,USD/INR,82.248
2026-01-17,USD/INR,82.1265
2026-01-18,USD/INR,82.1046
2026-01-19,USD/INR,82.1541
2026-01-20,USD/INR,82.1164
2026-01-21,USD/INR,82.0122
2026-01-22,USD/INR,82.1391
2026-01-23,USD/INR,82.0092
2026-01-24,USD/INR,82.1087
2026-01-25,USD/INR,81.9867
2026-01-26,USD/INR,81.8657
2026-01-27,USD/INR,81.9373
2026-01-28,USD/INR,82.0308
2026-01-29,USD/INR,82.0478
2026-01-30,USD/INR,82.0737
2026-01-31,USD/INR,82.0922
2026-02-01,USD/INR,82.0411
2026-02-02,USD/INR,81.9277
2026-02-03,USD/INR,81.8838
2026-02-04,USD/INR,81.9334
2026-02-05,USD/INR,82.0085
2026-02-06,USD/INR,82.1189
2026-02-07,USD/INR,82.1853
2026-02-08,USD/INR,82.3258
2026-02-09,USD/INR,82.3559
2026-02-10,USD/INR,82.3114
2026-02-11,USD/INR,82.3348
2026-02-12,USD/INR,82.2486
2026-02-13,USD/INR,82.2956
2026-02-14,USD/INR,82.2129
2026-02-15,USD/INR,82.0953
2026-02-16,USD/INR,82.199
2026-02-17,USD/INR,82.1592
2026-02-18,USD/INR,82.238
2026-02-19,USD/INR,82.2602
2026-02-20,USD/INR,82.3524
2026-02-21,USD/INR,82.456
2026-02-22,USD/INR,82.5983
2026-02-23,USD/INR,82.6938
2026-02-24,USD/INR,82.7279
2026-02-25,USD/INR,82.7707
2026-02-26,USD/INR,82.6286
2026-02-27,USD/INR,82.7573
2026-02-28,USD/INR,82.8562
2026-03-01,USD/INR,82.7864
2026-03-02,USD/INR,82.6905
2026-03-03,USD/INR,82.7513
2026-03-04,USD/INR,82.694
2026-03-05,USD/INR,82.646
2026-03-06,USD/INR,82.4978
2026-03-07,USD/INR,82.6088
2026-03-08,USD/INR,82.6287
2026-03-09,USD/INR,82.5989
2026-03-10,USD/INR,82.4915
2026-03-11,USD/INR,82.5314
2026-03-12,USD/INR,82.3906
2026-03-13,USD/INR,82.4644
2026-03-14,USD/INR,82.379
2026-03-15,USD/INR,82.3549
2026-03-16,USD/INR,82.3072
2026-03-17,USD/INR,82.2682
2026-03-18,USD/INR,82.3347
2026-03-19,USD/INR,82.4177
2026-03-20,USD/INR,82.438
2026-03-21,USD/INR,82.3135
2026-03-22,USD/INR,82.1793
2026-03-23,USD/INR,82.0765
2026-03-24,USD/INR,82.1119
2026-03-25,USD/INR,82.1641
2026-03-26,USD/INR,82.0957
2026-03-27,USD/INR,82.1443
2026-03-28,USD/INR,82.14
2026-03-29,USD/INR,82.1226
2026-03-30,USD/INR,82.0545
2026-03-31,USD/INR,82.131
2026-04-01,USD/INR,82.0152
2026-04-02,USD/INR,81.9941
2026-04-03,USD/INR,81.9291
2026-04-04,USD/INR,81.9827
2026-04-05,USD/INR,81.9786
2026-04-06,USD/INR,82.0288
2026-04-07,USD/INR,81.8924
2026-04-08,USD/INR,81.861
2026-04-09,USD/INR,81.8908
2026-04-10,USD/INR,81.7431
2026-04-11,USD/INR,81.6835
2026-04-12,USD/INR,81.5969
2026-04-13,USD/INR,81.4881
2026-04-14,USD/INR,81.4147
2026-04-15,USD/INR,81.3632
2026-04-16,USD/INR,81.2155
2026-04-17,USD/INR,81.2896
2026-04-18,USD/INR,81.1923
2026-04-19,USD/INR,81.1563
2026-04-20,USD/INR,81.2174
2026-04-21,USD/INR,81.2175
2026-04-22,USD/INR,81.3175
2026-04-23,USD/INR,81.4094
2026-04-24,USD/INR,81.281
2026-04-25,USD/INR,81.3895
2026-04-26,USD/INR,81.2522
2026-04-27,USD/INR,81.1079
2026-04-28,USD/INR,81.2342
2026-04-29,USD/INR,81.3428
2026-04-30,USD/INR,81.3656
2026-05-01,USD/INR,81.3876
2026-05-02,USD/INR,81.4504
2026-05-03,USD/INR,81.4257
2026-05-04,USD/INR,81.3103
2026-05-05,USD/INR,81.1666
2026-05-06,USD/INR,81.114
2026-05-07,USD/INR,81.2044
2026-05-08,USD/INR,81.2398
2026-05-09,USD/INR,81.3394
2026-05-10,USD/INR,81.4654
2026-05-11,USD/INR,81.3418
2026-05-12,USD/INR,81.4451
2026-05-13,USD/INR,81.3681
2026-05-14,USD/INR,81.3948
2026-05-15,USD/INR,81.402
2026-05-16,USD/INR,81.3707
2026-05-17,USD/INR,81.3138
2026-05-18,USD/INR,81.2657
2026-05-19,USD/INR,81.2156
2026-05-20,USD/INR,81.116
2026-05-21,USD/INR,81.1192
2026-05-22,USD/INR,81.0034
2026-05-23,USD/INR,81.0064
2026-05-24,USD/INR,81.1281
2026-05-25,USD/INR,81.0829
2026-05-26,USD/INR,81.1512
2026-05-27,USD/INR,81.2468
2026-05-28,USD/INR,81.3414
2026-05-29,USD/INR,81.2622
2026-05-30,USD/INR,81.1562
2026-05-31,USD/INR,81.0653
2026-06-01,USD/INR,81.0961
2026-06-02,USD/INR,81.1741
2026-06-03,USD/INR,81.2208
2026-06-04,USD/INR,81.1239
2026-06-05,USD/INR,81.2058
2026-06-06,USD/INR,81.204
2026-06-07,USD/INR,81.2803
2026-06-08,USD/INR,81.3583
2026-06-09,USD/INR,81.343
2026-06-10,USD/INR,81.4702
2026-06-11,USD/INR,81.4896
2026-06-12,USD/INR,81.5302
2026-06-13,USD/INR,81.5675
2026-06-14,USD/INR,81.6768
2026-06-15,USD/INR,81.715
2026-06-16,USD/INR,81.6103
2026-06-17,USD/INR,81.4807
2026-06-18,USD/INR,81.4634
2026-06-19,USD/INR,81.4042
2026-06-20,USD/INR,81.3366
2026-06-21,USD/INR,81.2035
2026-06-22,USD/INR,81.2057
2026-06-23,USD/INR,81.1488
2026-06-24,USD/INR,81.1344
2026-06-25,USD/INR,81.0015
2026-06-26,USD/INR,81.101
2026-06-27,USD/INR,80.974
2026-06-28,USD/INR,81.0833
2026-06-29,USD/INR,81.1899
2026-06-30,USD/INR,81.2244
2026-07-01,USD/INR,81.2265
2026-07-02,USD/INR,81.2153
2026-07-03,USD/INR,81.2316
2026-07-04,USD/INR,81.3191
2026-07-05,USD/INR,81.4379
2026-07-06,USD/INR,81.4228
2026-07-07,USD/INR,81.5158
2026-07-08,USD/INR,81.5613
2026-07-09,USD/INR,81.5078
2026-07-10,USD/INR,81.5005
2026-07-11,USD/INR,81.3957
2026-07-12,USD/INR,81.2643
2026-07-13,USD/INR,81.1453
2026-07-14,USD/INR,81.2651
2026-07-15,USD/INR,81.2181
2026-07-16,USD/INR,81.2824
2026-07-17,USD/INR,81.2838
2026-07-18,USD/INR,81.1855
2026-07-19,USD/INR,81.1098
2026-07-20,USD/INR,81.0912
2026-07-21,USD/INR,81.073
2026-07-22,USD/INR,81.0798
2026-07-23,USD/INR,80.9775
2026-07-24,USD/INR,80.9393
2026-07-25,USD/INR,80.8742
2026-07-26,USD/INR,80.8468
2026-07-27,USD/INR,80.7983
2026-07-28,USD/INR,80.8277
2026-07-29,USD/INR,80.9144
2026-07-30,USD/INR,80.9586
2026-07-31,USD/INR,80.8284
2026-08-01,USD/INR,80.7068
2026-08-02,USD/INR,80.7603
2026-08-03,USD/INR,80.6955
2026-08-04,USD/INR,80.7626
2026-08-05,USD/INR,80.8096
2026-08-06,USD/INR,80.9315
2026-08-07,USD/INR,81.0435
2026-08-08,USD/INR,80.9935
2026-08-09,USD/INR,81.0183
2026-08-10,USD/INR,80.9108
2026-08-11,USD/INR,80.8657
2026-08-12,USD/INR,81.006
2026-08-13,USD/INR,81.0656
2026-08-14,USD/INR,81.0331
2026-08-15,USD/INR,81.0617
2026-08-16,USD/INR,81.1931
2026-08-17,USD/INR,81.1359
2026-08-18,USD/INR,81.0989
2026-08-19,USD/INR,81.1864
2026-08-20,USD/INR,81.2804
2026-08-21,USD/INR,81.3314
2026-08-22,USD/INR,81.4301
2026-08-23,USD/INR,81.5017
2026-08-24,USD/INR,81.5574
2026-08-25,USD/INR,81.5653
2026-08-26,USD/INR,81.6091
2026-08-27,USD/INR,81.5861
2026-08-28,USD/INR,81.5447
2026-08-29,USD/INR,81.5034
2026-08-30,USD/INR,81.4075
2026-08-31,USD/INR,81.3218
2026-09-01,USD/INR,81.4561
2026-09-02,USD/INR,81.452
2026-09-03,USD/INR,81.3699
2026-09-04,USD/INR,81.2612
2026-09-05,USD/INR,81.1343
2026-09-06,USD/INR,81.2377
2025-09-06,EUR/INR,89.8803
2025-09-07,EUR/INR,89.9616
2025-09-08,EUR/INR,90.0621
2025-09-09,EUR/INR,90.1772
2025-09-10,EUR/INR,90.0386
2025-09-11,EUR/INR,89.9896
2025-09-12,EUR/INR,90.0695
2025-09-13,EUR/INR,89.9588
2025-09-14,EUR/INR,89.9218
2025-09-15,EUR/INR,89.8205
2025-09-16,EUR/INR,89.9199
2025-09-17,EUR/INR,90.0012
2025-09-18,EUR/INR,90.0939
2025-09-19,EUR/INR,89.9936
2025-09-20,EUR/INR,89.9749
2025-09-21,EUR/INR,89.9482
2025-09-22,EUR/INR,90.0011
2025-09-23,EUR/INR,89.9223
2025-09-24,EUR/INR,89.9056
2025-09-25,EUR/INR,89.8411
2025-09-26,EUR/INR,89.9156
2025-09-27,EUR/INR,89.9003
2025-09-28,EUR/INR,89.9105
2025-09-29,EUR/INR,89.8534
2025-09-30,EUR/INR,89.9459
2025-10-01,EUR/INR,89.9366
2025-10-02,EUR/INR,90.0372
2025-10-03,EUR/INR,89.9975
2025-10-04,EUR/INR,90.1317
2025-10-05,EUR/INR,90.277
2025-10-06,EUR/INR,90.2655
2025-10-07,EUR/INR,90.2
2025-10-08,EUR/INR,90.1646
2025-10-09,EUR/INR,90.1728
2025-10-10,EUR/INR,90.3127
2025-10-11,EUR/INR,90.4078
2025-10-12,EUR/INR,90.4982
2025-10-13,EUR/INR,90.3897
2025-10-14,EUR/INR,90.3147
2025-10-15,EUR/INR,90.357
2025-10-16,EUR/INR,90.4693
2025-10-17,EUR/INR,90.4856
2025-10-18,EUR/INR,90.3664
2025-10-19,EUR/INR,90.4702
2025-10-20,EUR/INR,90.5755
2025-10-21,EUR/INR,90.511
2025-10-22,EUR/INR,90.59
2025-10-23,EUR/INR,90.5218
2025-10-24,EUR/INR,90.6434
2025-10-25,EUR/INR,90.5376
2025-10-26,EUR/INR,90.5189
2025-10-27,EUR/INR,90.6528
2025-10-28,EUR/INR,90.5694
2025-10-29,EUR/INR,90.5547
2025-10-30,EUR/INR,90.5096
2025-10-31,EUR/INR,90.3676
2025-11-01,EUR/INR,90.2336
2025-11-02,EUR/INR,90.2342
2025-11-03,EUR/INR,90.1549
2025-11-04,EUR/INR,90.3033
2025-11-05,EUR/INR,90.2658
2025-11-06,EUR/INR,90.1242
2025-11-07,EUR/INR,90.2535
2025-11-08,EUR/INR,90.3552
2025-11-09,EUR/INR,90.4002
2025-11-10,EUR/INR,90.4876
2025-11-11,EUR/INR,90.3789
2025-11-12,EUR/INR,90.315
2025-11-13,EUR/INR,90.4139
2025-11-14,EUR/INR,90.4727
2025-11-15,EUR/INR,90.3643
2025-11-16,EUR/INR,90.426
2025-11-17,EUR/INR,90.4106
2025-11-18,EUR/INR,90.2622
2025-11-19,EUR/INR,90.1359
2025-11-20,EUR/INR,90.0627
2025-11-21,EUR/INR,90.1632
2025-11-22,EUR/INR,90.1778
2025-11-23,EUR/INR,90.246
2025-11-24,EUR/INR,90.2543
2025-11-25,EUR/INR,90.1377
2025-11-26,EUR/INR,90.0741
2025-11-27,EUR/INR,90.0145
2025-11-28,EUR/INR,89.8788
2025-11-29,EUR/INR,89.8547
2025-11-30,EUR/INR,89.9429
2025-12-01,EUR/INR,89.93
2025-12-02,EUR/INR,89.8133
2025-12-03,EUR/INR,89.9348
2025-12-04,EUR/INR,89.9639
2025-12-05,EUR/INR,89.8188
2025-12-06,EUR/INR,89.8234
2025-12-07,EUR/INR,89.746
2025-12-08,EUR/INR,89.6391
2025-12-09,EUR/INR,89.6178
2025-12-10,EUR/INR,89.6523
2025-12-11,EUR/INR,89.5744
2025-12-12,EUR/INR,89.5494
2025-12-13,EUR/INR,89.5987
2025-12-14,EUR/INR,89.4744
2025-12-15,EUR/INR,89.6168
2025-12-16,EUR/INR,89.4871
2025-12-17,EUR/INR,89.4949
2025-12-18,EUR/INR,89.4971
2025-12-19,EUR/INR,89.6436
2025-12-20,EUR/INR,89.6599
2025-12-21,EUR/INR,89.627
2025-12-22,EUR/INR,89.6181
2025-12-23,EUR/INR,89.6588
2025-12-24,EUR/INR,89.8031
2025-12-25,EUR/INR,89.7292
2025-12-26,EUR/INR,89.584
2025-12-27,EUR/INR,89.6706
2025-12-28,EUR/INR,89.624
2025-12-29,EUR/INR,89.6939
2025-12-30,EUR/INR,89.7324
2025-12-31,EUR/INR,89.8138
2026-01-01,EUR/INR,89.8844
2026-01-02,EUR/INR,89.8342
2026-01-03,EUR/INR,89.6975
2026-01-04,EUR/INR,89.7113
2026-01-05,EUR/INR,89.8053
2026-01-06,EUR/INR,89.7078
2026-01-07,EUR/INR,89.7916
2026-01-08,EUR/INR,89.781
2026-01-09,EUR/INR,89.8396
2026-01-10,EUR/INR,89.8791
2026-01-11,EUR/INR,89.9726
2026-01-12,EUR/INR,89.8415
2026-01-13,EUR/INR,89.9243
2026-01-14,EUR/INR,89.9116
2026-01-15,EUR/INR,89.8497
2026-01-16,EUR/INR,89.7128
2026-01-17,EUR/INR,89.6227
2026-01-18,EUR/INR,89.4852
2026-01-19,EUR/INR,89.6152
2026-01-20,EUR/INR,89.6199
2026-01-21,EUR/INR,89.7666
2026-01-22,EUR/INR,89.7795
2026-01-23,EUR/INR,89.7055
2026-01-24,EUR/INR,89.7815
2026-01-25,EUR/INR,89.6888
2026-01-26,EUR/INR,89.6459
2026-01-27,EUR/INR,89.7302
2026-01-28,EUR/INR,89.8399
2026-01-29,EUR/INR,89.7895
2026-01-30,EUR/INR,89.6768
2026-01-31,EUR/INR,89.6372
2026-02-01,EUR/INR,89.7541
2026-02-02,EUR/INR,89.8271
2026-02-03,EUR/INR,89.9455
2026-02-04,EUR/INR,89.9114
2026-02-05,EUR/INR,90.0536
2026-02-06,EUR/INR,90.0524
2026-02-07,EUR/INR,90.0517
2026-02-08,EUR/INR,90.179
2026-02-09,EUR/INR,90.1848
2026-02-10,EUR/INR,90.2751
2026-02-11,EUR/INR,90.3432
2026-02-12,EUR/INR,90.2169
2026-02-13,EUR/INR,90.2476
2026-02-14,EUR/INR,90.3443
2026-02-15,EUR/INR,90.358
2026-02-16,EUR/INR,90.3044
2026-02-17,EUR/INR,90.1784
2026-02-18,EUR/INR,90.2266
2026-02-19,EUR/INR,90.1686
2026-02-20,EUR/INR,90.1994
2026-02-21,EUR/INR,90.1772
2026-02-22,EUR/INR,90.2341
2026-02-23,EUR/INR,90.1896
2026-02-24,EUR/INR,90.0523
2026-02-25,EUR/INR,90.1633
2026-02-26,EUR/INR,90.1191
2026-02-27,EUR/INR,90.2685
2026-02-28,EUR/INR,90.2009
2026-03-01,EUR/INR,90.3449
2026-03-02,EUR/INR,90.4793
2026-03-03,EUR/INR,90.3518
2026-03-04,EUR/INR,90.3931
2026-03-05,EUR/INR,90.352
2026-03-06,EUR/INR,90.4424
2026-03-07,EUR/INR,90.4962
2026-03-08,EUR/INR,90.632
2026-03-09,EUR/INR,90.5249
2026-03-10,EUR/INR,90.5571
2026-03-11,EUR/INR,90.6415
2026-03-12,EUR/INR,90.502
2026-03-13,EUR/INR,90.3721
2026-03-14,EUR/INR,90.4557
2026-03-15,EUR/INR,90.4156
2026-03-16,EUR/INR,90.3805
2026-03-17,EUR/INR,90.4006
2026-03-18,EUR/INR,90.4322
2026-03-19,EUR/INR,90.4859
2026-03-20,EUR/INR,90.6205
2026-03-21,EUR/INR,90.5821
2026-03-22,EUR/INR,90.6611
2026-03-23,EUR/INR,90.6832
2026-03-24,EUR/INR,90.6921
2026-03-25,EUR/INR,90.6615
2026-03-26,EUR/INR,90.7063
2026-03-27,EUR/INR,90.6312
2026-03-28,EUR/INR,90.5153
2026-03-29,EUR/INR,90.586
2026-03-30,EUR/INR,90.5857
2026-03-31,EUR/INR,90.5518
2026-04-01,EUR/INR,90.5703
2026-04-02,EUR/INR,90.4988
2026-04-03,EUR/INR,90.4269
2026-04-04,EUR/INR,90.4108
2026-04-05,EUR/INR,90.5597
2026-04-06,EUR/INR,90.4954
2026-04-07,EUR/INR,90.6203
2026-04-08,EUR/INR,90.6177
2026-04-09,EUR/INR,90.5045
2026-04-10,EUR/INR,90.6103
2026-04-11,EUR/INR,90.5959
2026-04-12,EUR/INR,90.7155
2026-04-13,EUR/INR,90.6991
2026-04-14,EUR/INR,90.5754
2026-04-15,EUR/INR,90.63
2026-04-16,EUR/INR,90.7336
2026-04-17,EUR/INR,90.6795
2026-04-18,EUR/INR,90.6337
2026-04-19,EUR/INR,90.5032
2026-04-20,EUR/INR,90.5159
2026-04-21,EUR/INR,90.6333
2026-04-22,EUR/INR,90.7387
2026-04-23,EUR/INR,90.8022
2026-04-24,EUR/INR,90.9304
2026-04-25,EUR/INR,90.9717
2026-04-26,EUR/INR,91.0598
2026-04-27,EUR/INR,91.0625
2026-04-28,EUR/INR,90.9489
2026-04-29,EUR/INR,90.8592
2026-04-30,EUR/INR,90.7508
2026-05-01,EUR/INR,90.8379
2026-05-02,EUR/INR,90.6958
2026-05-03,EUR/INR,90.712
2026-05-04,EUR/INR,90.6727
2026-05-05,EUR/INR,90.7638
2026-05-06,EUR/INR,90.7793
2026-05-07,EUR/INR,90.8129
2026-05-08,EUR/INR,90.6887
2026-05-09,EUR/INR,90.6315
2026-05-10,EUR/INR,90.7814
2026-05-11,EUR/INR,90.8471
2026-05-12,EUR/INR,90.8548
2026-05-13,EUR/INR,90.9355
2026-05-14,EUR/INR,91.0325
2026-05-15,EUR/INR,90.9047
2026-05-16,EUR/INR,91.0464
2026-05-17,EUR/INR,91.0891
2026-05-18,EUR/INR,91.0741
2026-05-19,EUR/INR,91.1281
2026-05-20,EUR/INR,91.0814
2026-05-21,EUR/INR,91.1948
2026-05-22,EUR/INR,91.2789
2026-05-23,EUR/INR,91.3209
2026-05-24,EUR/INR,91.2254
2026-05-25,EUR/INR,91.3653
2026-05-26,EUR/INR,91.3451
2026-05-27,EUR/INR,91.4683
2026-05-28,EUR/INR,91.3349
2026-05-29,EUR/INR,91.2222
2026-05-30,EUR/INR,91.1181
2026-05-31,EUR/INR,91.0175
2026-06-01,EUR/INR,90.9643
2026-06-02,EUR/INR,91.0271
2026-06-03,EUR/INR,90.9809
2026-06-04,EUR/INR,91.1132
2026-06-05,EUR/INR,91.2316
2026-06-06,EUR/INR,91.3354
2026-06-07,EUR/INR,91.2606
2026-06-08,EUR/INR,91.3011
2026-06-09,EUR/INR,91.3164
2026-06-10,EUR/INR,91.2039
2026-06-11,EUR/INR,91.1448
2026-06-12,EUR/INR,91.1548
2026-06-13,EUR/INR,91.1556
2026-06-14,EUR/INR,91.0562
2026-06-15,EUR/INR,91.1887
2026-06-16,EUR/INR,91.0849
2026-06-17,EUR/INR,91.1325
2026-06-18,EUR/INR,91.1987
2026-06-19,EUR/INR,91.2303
2026-06-20,EUR/INR,91.333
2026-06-21,EUR/INR,91.3521
2026-06-22,EUR/INR,91.4497
2026-06-23,EUR/INR,91.3082
2026-06-24,EUR/INR,91.1718
2026-06-25,EUR/INR,91.2143
2026-06-26,EUR/INR,91.2373
2026-06-27,EUR/INR,91.2826
2026-06-28,EUR/INR,91.3627
2026-06-29,EUR/INR,91.3377
2026-06-30,EUR/INR,91.3794
2026-07-01,EUR/INR,91.3788
2026-07-02,EUR/INR,91.417
2026-07-03,EUR/INR,91.3539
2026-07-04,EUR/INR,91.4909
2026-07-05,EUR/INR,91.4858
2026-07-06,EUR/INR,91.5772
2026-07-07,EUR/INR,91.6327
2026-07-08,EUR/INR,91.5719
2026-07-09,EUR/INR,91.4438
2026-07-10,EUR/INR,91.3117
2026-07-11,EUR/INR,91.2936
2026-07-12,EUR/INR,91.2889
2026-07-13,EUR/INR,91.2001
2026-07-14,EUR/INR,91.2321
2026-07-15,EUR/INR,91.1759
2026-07-16,EUR/INR,91.2414
2026-07-17,EUR/INR,91.3117
2026-07-18,EUR/INR,91.4199
2026-07-19,EUR/INR,91.5625
2026-07-20,EUR/INR,91.4517
2026-07-21,EUR/INR,91.4129
2026-07-22,EUR/INR,91.4314
2026-07-23,EUR/INR,91.3771
2026-07-24,EUR/INR,91.3671
2026-07-25,EUR/INR,91.2973
2026-07-26,EUR/INR,91.2217
2026-07-27,EUR/INR,91.1007
2026-07-28,EUR/INR,91.0378
2026-07-29,EUR/INR,91.003
2026-07-30,EUR/INR,91.0376
2026-07-31,EUR/INR,90.9621
2026-08-01,EUR/INR,91.0717
2026-08-02,EUR/INR,90.9696
2026-08-03,EUR/INR,90.9179
2026-08-04,EUR/INR,90.9412
2026-08-05,EUR/INR,90.885
2026-08-06,EUR/INR,90.9639
2026-08-07,EUR/INR,90.9634
2026-08-08,EUR/INR,90.9678
2026-08-09,EUR/INR,90.9674
2026-08-10,EUR/INR,90.91
2026-08-11,EUR/INR,90.767
2026-08-12,EUR/INR,90.9005
2026-08-13,EUR/INR,90.9022
2026-08-14,EUR/INR,91.0422
2026-08-15,EUR/INR,90.9567
2026-08-16,EUR/INR,90.9126
2026-08-17,EUR/INR,90.7777
2026-08-18,EUR/INR,90.7762
2026-08-19,EUR/INR,90.8909
2026-08-20,EUR/INR,90.9372
2026-08-21,EUR/INR,90.9284
2026-08-22,EUR/INR,90.9394
2026-08-23,EUR/INR,91.0435
2026-08-24,EUR/INR,91.0228
2026-08-25,EUR/INR,91.1375
2026-08-26,EUR/INR,91.2058
2026-08-27,EUR/INR,91.2849
2026-08-28,EUR/INR,91.2447
2026-08-29,EUR/INR,91.2149
2026-08-30,EUR/INR,91.236
2026-08-31,EUR/INR,91.1444
2026-09-01,EUR/INR,91.1604
2026-09-02,EUR/INR,91.0324
2026-09-03,EUR/INR,91.0337
2026-09-04,EUR/INR,91.113
2026-09-05,EUR/INR,91.0469
2026-09-06,EUR/INR,91.1937
2025-09-06,GBP/INR,105.0541
2025-09-07,GBP/INR,104.9398
2025-09-08,GBP/INR,105.0823
2025-09-09,GBP/INR,105.0505
2025-09-10,GBP/INR,105.1389
2025-09-11,GBP/INR,105.0907
2025-09-12,GBP/INR,105.2223
2025-09-13,GBP/INR,105.2988
2025-09-14,GBP/INR,105.2085
2025-09-15,GBP/INR,105.2113
2025-09-16,GBP/INR,105.2113
2025-09-17,GBP/INR,105.0749
2025-09-18,GBP/INR,104.966
2025-09-19,GBP/INR,104.9159
2025-09-20,GBP/INR,104.908
2025-09-21,GBP/INR,104.8951
2025-09-22,GBP/INR,104.927
2025-09-23,GBP/INR,104.9317
2025-09-24,GBP/INR,104.8801
2025-09-25,GBP/INR,104.914
2025-09-26,GBP/INR,104.8127
2025-09-27,GBP/INR,104.9599
2025-09-28,GBP/INR,105.0317
2025-09-29,GBP/INR,104.9715
2025-09-30,GBP/INR,104.9224
2025-10-01,GBP/INR,105.0209
2025-10-02,GBP/INR,105.0306
2025-10-03,GBP/INR,105.0932
2025-10-04,GBP/INR,105.0331
2025-10-05,GBP/INR,105.1279
2025-10-06,GBP/INR,105.0884
2025-10-07,GBP/INR,105.1405
2025-10-08,GBP/INR,105.2845
2025-10-09,GBP/INR,105.3096
2025-10-10,GBP/INR,105.3986
2025-10-11,GBP/INR,105.4662
2025-10-12,GBP/INR,105.5226
2025-10-13,GBP/INR,105.3806
2025-10-14,GBP/INR,105.373
2025-10-15,GBP/INR,105.5131
2025-10-16,GBP/INR,105.598
2025-10-17,GBP/INR,105.6808
2025-10-18,GBP/INR,105.7041
2025-10-19,GBP/INR,105.7706
2025-10-20,GBP/INR,105.7956
2025-10-21,GBP/INR,105.6968
2025-10-22,GBP/INR,105.7355
2025-10-23,GBP/INR,105.7714
2025-10-24,GBP/INR,105.8737
2025-10-25,GBP/INR,105.7681
2025-10-26,GBP/INR,105.8223
2025-10-27,GBP/INR,105.6818
2025-10-28,GBP/INR,105.8162
2025-10-29,GBP/INR,105.6992
2025-10-30,GBP/INR,105.5549
2025-10-31,GBP/INR,105.499
2025-11-01,GBP/INR,105.3944
2025-11-02,GBP/INR,105.4516
2025-11-03,GBP/INR,105.4247
2025-11-04,GBP/INR,105.5072
2025-11-05,GBP/INR,105.6333
2025-11-06,GBP/INR,105.7452
2025-11-07,GBP/INR,105.8159
2025-11-08,GBP/INR,105.6846
2025-11-09,GBP/INR,105.576
2025-11-10,GBP/INR,105.4882
2025-11-11,GBP/INR,105.4357
2025-11-12,GBP/INR,105.4844
2025-11-13,GBP/INR,105.4921
2025-11-14,GBP/INR,105.4362
2025-11-15,GBP/INR,105.3381
2025-11-16,GBP/INR,105.4618
2025-11-17,GBP/INR,105.4145
2025-11-18,GBP/INR,105.3708
2025-11-19,GBP/INR,105.4524
2025-11-20,GBP/INR,105.5186
2025-11-21,GBP/INR,105.5616
2025-11-22,GBP/INR,105.6196
2025-11-23,GBP/INR,105.6526
2025-11-24,GBP/INR,105.5603
2025-11-25,GBP/INR,105.4843
2025-11-26,GBP/INR,105.5017
2025-11-27,GBP/INR,105.4192
2025-11-28,GBP/INR,105.561
2025-11-29,GBP/INR,105.5003
2025-11-30,GBP/INR,105.437
2025-12-01,GBP/INR,105.3492
2025-12-02,GBP/INR,105.4107
2025-12-03,GBP/INR,105.3558
2025-12-04,GBP/INR,105.3105
2025-12-05,GBP/INR,105.4406
2025-12-06,GBP/INR,105.5292
2025-12-07,GBP/INR,105.4612
2025-12-08,GBP/INR,105.3478
2025-12-09,GBP/INR,105.4008
2025-12-10,GBP/INR,105.3647
2025-12-11,GBP/INR,105.5087
2025-12-12,GBP/INR,105.6042
2025-12-13,GBP/INR,105.7406
2025-12-14,GBP/INR,105.832
2025-12-15,GBP/INR,105.7691
2025-12-16,GBP/INR,105.7054
2025-12-17,GBP/INR,105.7697
2025-12-18,GBP/INR,105.7236
2025-12-19,GBP/INR,105.7063
2025-12-20,GBP/INR,105.6332
2025-12-21,GBP/INR,105.627
2025-12-22,GBP/INR,105.5376
2025-12-23,GBP/INR,105.5492
2025-12-24,GBP/INR,105.6791
2025-12-25,GBP/INR,105.7379
2025-12-26,GBP/INR,105.6291
2025-12-27,GBP/INR,105.6638
2025-12-28,GBP/INR,105.6898
2025-12-29,GBP/INR,105.6126
2025-12-30,GBP/INR,105.6635
2025-12-31,GBP/INR,105.6728
2026-01-01,GBP/INR,105.7142
2026-01-02,GBP/INR,105.58
2026-01-03,GBP/INR,105.554
2026-01-04,GBP/INR,105.6192
2026-01-05,GBP/INR,105.4993
2026-01-06,GBP/INR,105.5806
2026-01-07,GBP/INR,105.4321
2026-01-08,GBP/INR,105.4472
2026-01-09,GBP/INR,105.576
2026-01-10,GBP/INR,105.548
2026-01-11,GBP/INR,105.6785
2026-01-12,GBP/INR,105.7921
2026-01-13,GBP/INR,105.7853
2026-01-14,GBP/INR,105.6951
2026-01-15,GBP/INR,105.8343
2026-01-16,GBP/INR,105.7807
2026-01-17,GBP/INR,105.8244
2026-01-18,GBP/INR,105.9468
2026-01-19,GBP/INR,105.8236
2026-01-20,GBP/INR,105.8459
2026-01-21,GBP/INR,105.8564
2026-01-22,GBP/INR,105.9234
2026-01-23,GBP/INR,106.0544
2026-01-24,GBP/INR,106.1783
2026-01-25,GBP/INR,106.0809
2026-01-26,GBP/INR,106.1955
2026-01-27,GBP/INR,106.0983
2026-01-28,GBP/INR,106.2242
2026-01-29,GBP/INR,106.3733
2026-01-30,GBP/INR,106.3424
2026-01-31,GBP/INR,106.341
2026-02-01,GBP/INR,106.472
2026-02-02,GBP/INR,106.6106
2026-02-03,GBP/INR,106.7385
2026-02-04,GBP/INR,106.8515
2026-02-05,GBP/INR,106.7043
2026-02-06,GBP/INR,106.7246
2026-02-07,GBP/INR,106.6068
2026-02-08,GBP/INR,106.7517
2026-02-09,GBP/INR,106.6871
2026-02-10,GBP/INR,106.8338
2026-02-11,GBP/INR,106.8468
2026-02-12,GBP/INR,106.845
2026-02-13,GBP/INR,106.9766
2026-02-14,GBP/INR,107.0819
2026-02-15,GBP/INR,107.0723
2026-02-16,GBP/INR,106.9801
2026-02-17,GBP/INR,106.8639
2026-02-18,GBP/INR,106.7627
2026-02-19,GBP/INR,106.7503
2026-02-20,GBP/INR,106.6775
2026-02-21,GBP/INR,106.5834
2026-02-22,GBP/INR,106.6544
2026-02-23,GBP/INR,106.7416
2026-02-24,GBP/INR,106.7619
2026-02-25,GBP/INR,106.8391
2026-02-26,GBP/INR,106.7418
2026-02-27,GBP/INR,106.8486
2026-02-28,GBP/INR,106.9677
2026-03-01,GBP/INR,107.0658
2026-03-02,GBP/INR,107.0704
2026-03-03,GBP/INR,106.9464
2026-03-04,GBP/INR,106.9972
2026-03-05,GBP/INR,106.9026
2026-03-06,GBP/INR,106.7948
2026-03-07,GBP/INR,106.7419
2026-03-08,GBP/INR,106.6663
2026-03-09,GBP/INR,106.5946
2026-03-10,GBP/INR,106.5152
2026-03-11,GBP/INR,106.5913
2026-03-12,GBP/INR,106.7275
2026-03-13,GBP/INR,106.6681
2026-03-14,GBP/INR,106.735
2026-03-15,GBP/INR,106.5884
2026-03-16,GBP/INR,106.6345
2026-03-17,GBP/INR,106.6924
2026-03-18,GBP/INR,106.561
2026-03-19,GBP/INR,106.4465
2026-03-20,GBP/INR,106.3885
2026-03-21,GBP/INR,106.3601
2026-03-22,GBP/INR,106.3609
2026-03-23,GBP/INR,106.4794
2026-03-24,GBP/INR,106.5405
2026-03-25,GBP/INR,106.4838
2026-03-26,GBP/INR,106.369
2026-03-27,GBP/INR,106.4939
2026-03-28,GBP/INR,106.4324
2026-03-29,GBP/INR,106.4667
2026-03-30,GBP/INR,106.3825
2026-03-31,GBP/INR,106.2726
2026-04-01,GBP/INR,106.1685
2026-04-02,GBP/INR,106.2428
2026-04-03,GBP/INR,106.2746
2026-04-04,GBP/INR,106.2493
2026-04-05,GBP/INR,106.2641
2026-04-06,GBP/INR,106.2553
2026-04-07,GBP/INR,106.2666
2026-04-08,GBP/INR,106.3158
2026-04-09,GBP/INR,106.2313
2026-04-10,GBP/INR,106.1556
2026-04-11,GBP/INR,106.232
2026-04-12,GBP/INR,106.3439
2026-04-13,GBP/INR,106.2185
2026-04-14,GBP/INR,106.2025
2026-04-15,GBP/INR,106.2637
2026-04-16,GBP/INR,106.1371
2026-04-17,GBP/INR,106.1563
2026-04-18,GBP/INR,106.0249
2026-04-19,GBP/INR,106.0392
2026-04-20,GBP/INR,106.0408
2026-04-21,GBP/INR,106.0626
2026-04-22,GBP/INR,105.9576
2026-04-23,GBP/INR,105.906
2026-04-24,GBP/INR,105.9121
2026-04-25,GBP/INR,105.797
2026-04-26,GBP/INR,105.7086
2026-04-27,GBP/INR,105.7335
2026-04-28,GBP/INR,105.6108
2026-04-29,GBP/INR,105.6139
2026-04-30,GBP/INR,105.7065
2026-05-01,GBP/INR,105.6926
2026-05-02,GBP/INR,105.6966
2026-05-03,GBP/INR,105.6836
2026-05-04,GBP/INR,105.5509
2026-05-05,GBP/INR,105.5396
2026-05-06,GBP/INR,105.6317
2026-05-07,GBP/INR,105.6987
2026-05-08,GBP/INR,105.6675
2026-05-09,GBP/INR,105.7624
2026-05-10,GBP/INR,105.8361
2026-05-11,GBP/INR,105.8596
2026-05-12,GBP/INR,105.7232
2026-05-13,GBP/INR,105.6766
2026-05-14,GBP/INR,105.5457
2026-05-15,GBP/INR,105.6939
2026-05-16,GBP/INR,105.8243
2026-05-17,GBP/INR,105.695
2026-05-18,GBP/INR,105.8252
2026-05-19,GBP/INR,105.6847
2026-05-20,GBP/INR,105.6573
2026-05-21,GBP/INR,105.738
2026-05-22,GBP/INR,105.8178
2026-05-23,GBP/INR,105.9613
2026-05-24,GBP/INR,106.005
2026-05-25,GBP/INR,105.9812
2026-05-26,GBP/INR,106.129
2026-05-27,GBP/INR,106.0938
2026-05-28,GBP/INR,106.2046
2026-05-29,GBP/INR,106.3267
2026-05-30,GBP/INR,106.2894
2026-05-31,GBP/INR,106.3442
2026-06-01,GBP/INR,106.3927
2026-06-02,GBP/INR,106.4045
2026-06-03,GBP/INR,106.4506
2026-06-04,GBP/INR,106.4049
2026-06-05,GBP/INR,106.3084
2026-06-06,GBP/INR,106.3196
2026-06-07,GBP/INR,106.3283
2026-06-08,GBP/INR,106.3966
2026-06-09,GBP/INR,106.3134
2026-06-10,GBP/INR,106.1645
2026-06-11,GBP/INR,106.0213
2026-06-12,GBP/INR,105.9608
2026-06-13,GBP/INR,106.0129
2026-06-14,GBP/INR,106.0262
2026-06-15,GBP/INR,106.0358
2026-06-16,GBP/INR,106.1328
2026-06-17,GBP/INR,106.057
2026-06-18,GBP/INR,106.0109
2026-06-19,GBP/INR,105.9436
2026-06-20,GBP/INR,106.0748
2026-06-21,GBP/INR,106.1423
2026-06-22,GBP/INR,106.0262
2026-06-23,GBP/INR,106.119
2026-06-24,GBP/INR,106.0948
2026-06-25,GBP/INR,106.1746
2026-06-26,GBP/INR,106.2897
2026-06-27,GBP/INR,106.1444
2026-06-28,GBP/INR,106.0562
2026-06-29,GBP/INR,105.9365
2026-06-30,GBP/INR,105.7966
2026-07-01,GBP/INR,105.8259
2026-07-02,GBP/INR,105.8869
2026-07-03,GBP/INR,105.7515
2026-07-04,GBP/INR,105.8237
2026-07-05,GBP/INR,105.7944
2026-07-06,GBP/INR,105.7147
2026-07-07,GBP/INR,105.6298
2026-07-08,GBP/INR,105.739
2026-07-09,GBP/INR,105.6059
2026-07-10,GBP/INR,105.6071
2026-07-11,GBP/INR,105.5438
2026-07-12,GBP/INR,105.6386
2026-07-13,GBP/INR,105.708
2026-07-14,GBP/INR,105.6537
2026-07-15,GBP/INR,105.6831
2026-07-16,GBP/INR,105.7348
2026-07-17,GBP/INR,105.681
2026-07-18,GBP/INR,105.6216
2026-07-19,GBP/INR,105.5145
2026-07-20,GBP/INR,105.5626
2026-07-21,GBP/INR,105.4789
2026-07-22,GBP/INR,105.4191
2026-07-23,GBP/INR,105.2874
2026-07-24,GBP/INR,105.4219
2026-07-25,GBP/INR,105.5358
2026-07-26,GBP/INR,105.6593
2026-07-27,GBP/INR,105.6971
2026-07-28,GBP/INR,105.6753
2026-07-29,GBP/INR,105.6739
2026-07-30,GBP/INR,105.8156
2026-07-31,GBP/INR,105.9481
2026-08-01,GBP/INR,105.9995
2026-08-02,GBP/INR,106.0852
2026-08-03,GBP/INR,106.0309
2026-08-04,GBP/INR,106.0058
2026-08-05,GBP/INR,105.9005
2026-08-06,GBP/INR,105.8635
2026-08-07,GBP/INR,105.9398
2026-08-08,GBP/INR,105.9318
2026-08-09,GBP/INR,106.0367
2026-08-10,GBP/INR,105.9769
2026-08-11,GBP/INR,106.0391
2026-08-12,GBP/INR,106.1309
2026-08-13,GBP/INR,106.2553
2026-08-14,GBP/INR,106.274
2026-08-15,GBP/INR,106.4144
2026-08-16,GBP/INR,106.4315
2026-08-17,GBP/INR,106.3218
2026-08-18,GBP/INR,106.2446
2026-08-19,GBP/INR,106.1556
2026-08-20,GBP/INR,106.1996
2026-08-21,GBP/INR,106.3263
2026-08-22,GBP/INR,106.4304
2026-08-23,GBP/INR,106.3082
2026-08-24,GBP/INR,106.3756
2026-08-25,GBP/INR,106.2827
2026-08-26,GBP/INR,106.2132
2026-08-27,GBP/INR,106.2653
2026-08-28,GBP/INR,106.2962
2026-08-29,GBP/INR,106.4083
2026-08-30,GBP/INR,106.3148
2026-08-31,GBP/INR,106.3933
2026-09-01,GBP/INR,106.4606
2026-09-02,GBP/INR,106.4782
2026-09-03,GBP/INR,106.472
2026-09-04,GBP/INR,106.5829
2026-09-05,GBP/INR,106.5328
2026-09-06,GBP/INR,106.6699
2025-09-06,AED/INR,22.4546
2025-09-07,AED/INR,22.5857
2025-09-08,AED/INR,22.7244
2025-09-09,AED/INR,22.6096
2025-09-10,AED/INR,22.7594
2025-09-11,AED/INR,22.7531
2025-09-12,AED/INR,22.6759
2025-09-13,AED/INR,22.7072
2025-09-14,AED/INR,22.6186
2025-09-15,AED/INR,22.7431
2025-09-16,AED/INR,22.7587
2025-09-17,AED/INR,22.8414
2025-09-18,AED/INR,22.8056
2025-09-19,AED/INR,22.8157
2025-09-20,AED/INR,22.7735
2025-09-21,AED/INR,22.7019
2025-09-22,AED/INR,22.7058
2025-09-23,AED/INR,22.705
2025-09-24,AED/INR,22.5845
2025-09-25,AED/INR,22.7289
2025-09-26,AED/INR,22.7198
2025-09-27,AED/INR,22.8217
2025-09-28,AED/INR,22.946
2025-09-29,AED/INR,22.9072
2025-09-30,AED/INR,22.8814
2025-10-01,AED/INR,22.9001
2025-10-02,AED/INR,22.8165
2025-10-03,AED/INR,22.7103
2025-10-04,AED/INR,22.6385
2025-10-05,AED/INR,22.769
2025-10-06,AED/INR,22.7927
2025-10-07,AED/INR,22.768
2025-10-08,AED/INR,22.6637
2025-10-09,AED/INR,22.6127
2025-10-10,AED/INR,22.5766
2025-10-11,AED/INR,22.6766
2025-10-12,AED/INR,22.6764
2025-10-13,AED/INR,22.7228
2025-10-14,AED/INR,22.7782
2025-10-15,AED/INR,22.7054
2025-10-16,AED/INR,22.8019
2025-10-17,AED/INR,22.9419
2025-10-18,AED/INR,22.9844
2025-10-19,AED/INR,22.9816
2025-10-20,AED/INR,22.882
2025-10-21,AED/INR,22.9705
2025-10-22,AED/INR,22.8713
2025-10-23,AED/INR,22.9374
2025-10-24,AED/INR,22.9339
2025-10-25,AED/INR,23.059
2025-10-26,AED/INR,23.0716
2025-10-27,AED/INR,23.1141
2025-10-28,AED/INR,22.9818
2025-10-29,AED/INR,22.8419
2025-10-30,AED/INR,22.9459
2025-10-31,AED/INR,23.0795
2025-11-01,AED/INR,23.1299
2025-11-02,AED/INR,23.2092
2025-11-03,AED/INR,23.183
2025-11-04,AED/INR,23.2857
2025-11-05,AED/INR,23.2052
2025-11-06,AED/INR,23.2673
2025-11-07,AED/INR,23.1201
2025-11-08,AED/INR,23.1218
2025-11-09,AED/INR,23.0837
2025-11-10,AED/INR,23.1191
2025-11-11,AED/INR,23.1691
2025-11-12,AED/INR,23.2041
2025-11-13,AED/INR,23.199
2025-11-14,AED/INR,23.1954
2025-11-15,AED/INR,23.0474
2025-11-16,AED/INR,23.0629
2025-11-17,AED/INR,22.9164
2025-11-18,AED/INR,22.9252
2025-11-19,AED/INR,22.8577
2025-11-20,AED/INR,23.0009
2025-11-21,AED/INR,22.856
2025-11-22,AED/INR,22.95
2025-11-23,AED/INR,23.0022
2025-11-24,AED/INR,23.0941
2025-11-25,AED/INR,23.217
2025-11-26,AED/INR,23.0991
2025-11-27,AED/INR,22.978
2025-11-28,AED/INR,22.8727
2025-11-29,AED/INR,22.7802
2025-11-30,AED/INR,22.7882
2025-12-01,AED/INR,22.8827
2025-12-02,AED/INR,22.8129
2025-12-03,AED/INR,22.782
2025-12-04,AED/INR,22.7439
2025-12-05,AED/INR,22.7157
2025-12-06,AED/INR,22.7352
2025-12-07,AED/INR,22.8823
2025-12-08,AED/INR,22.8001
2025-12-09,AED/INR,22.8553
2025-12-10,AED/INR,22.9596
2025-12-11,AED/INR,23.0057
2025-12-12,AED/INR,23.1132
2025-12-13,AED/INR,23.1911
2025-12-14,AED/INR,23.0691
2025-12-15,AED/INR,23.0329
2025-12-16,AED/INR,23.0487
2025-12-17,AED/INR,22.9156
2025-12-18,AED/INR,22.7684
2025-12-19,AED/INR,22.6698
2025-12-20,AED/INR,22.6698
2025-12-21,AED/INR,22.6499
2025-12-22,AED/INR,22.7353
2025-12-23,AED/INR,22.755
2025-12-24,AED/INR,22.8624
2025-12-25,AED/INR,22.741
2025-12-26,AED/INR,22.7495
2025-12-27,AED/INR,22.6122
2025-12-28,AED/INR,22.5256
2025-12-29,AED/INR,22.6361
2025-12-30,AED/INR,22.7523
2025-12-31,AED/INR,22.745
2026-01-01,AED/INR,22.609
2026-01-02,AED/INR,22.4813
2026-01-03,AED/INR,22.6089
2026-01-04,AED/INR,22.7287
2026-01-05,AED/INR,22.7478
2026-01-06,AED/INR,22.6077
2026-01-07,AED/INR,22.7363
2026-01-08,AED/INR,22.6806
2026-01-09,AED/INR,22.8191
2026-01-10,AED/INR,22.8452
2026-01-11,AED/INR,22.9209
2026-01-12,AED/INR,22.9847
2026-01-13,AED/INR,22.9542
2026-01-14,AED/INR,22.8273
2026-01-15,AED/INR,22.726
2026-01-16,AED/INR,22.6481
2026-01-17,AED/INR,22.7485
2026-01-18,AED/INR,22.7153
2026-01-19,AED/INR,22.8342
2026-01-20,AED/INR,22.7837
2026-01-21,AED/INR,22.8604
2026-01-22,AED/INR,22.7524
2026-01-23,AED/INR,22.899
2026-01-24,AED/INR,22.9662
2026-01-25,AED/INR,22.9664
2026-01-26,AED/INR,23.1087
2026-01-27,AED/INR,22.9749
2026-01-28,AED/INR,22.956
2026-01-29,AED/INR,23.0576
2026-01-30,AED/INR,23.0098
2026-01-31,AED/INR,23.0905
2026-02-01,AED/INR,23.2269
2026-02-02,AED/INR,23.1959
2026-02-03,AED/INR,23.278
2026-02-04,AED/INR,23.1369
2026-02-05,AED/INR,23.0689
2026-02-06,AED/INR,23.2167
2026-02-07,AED/INR,23.2138
2026-02-08,AED/INR,23.1706
2026-02-09,AED/INR,23.3029
2026-02-10,AED/INR,23.2825
2026-02-11,AED/INR,23.3364
2026-02-12,AED/INR,23.3846
2026-02-13,AED/INR,23.2603
2026-02-14,AED/INR,23.2959
2026-02-15,AED/INR,23.3853
2026-02-16,AED/INR,23.4492
2026-02-17,AED/INR,23.3238
2026-02-18,AED/INR,23.2201
2026-02-19,AED/INR,23.2836
2026-02-20,AED/INR,23.3238
2026-02-21,AED/INR,23.3957
2026-02-22,AED/INR,23.3407
2026-02-23,AED/INR,23.2226
2026-02-24,AED/INR,23.0742
2026-02-25,AED/INR,23.0167
2026-02-26,AED/INR,22.9747
2026-02-27,AED/INR,22.9056
2026-02-28,AED/INR,22.7953
2026-03-01,AED/INR,22.7016
2026-03-02,AED/INR,22.6862
2026-03-03,AED/INR,22.7026
2026-03-04,AED/INR,22.675
2026-03-05,AED/INR,22.5329
2026-03-06,AED/INR,22.4891
2026-03-07,AED/INR,22.367
2026-03-08,AED/INR,22.3964
2026-03-09,AED/INR,22.3438
2026-03-10,AED/INR,22.3093
2026-03-11,AED/INR,22.2469
2026-03-12,AED/INR,22.2132
2026-03-13,AED/INR,22.0886
2026-03-14,AED/INR,22.209
2026-03-15,AED/INR,22.3305
2026-03-16,AED/INR,22.474
2026-03-17,AED/INR,22.4956
2026-03-18,AED/INR,22.3965
2026-03-19,AED/INR,22.3607
2026-03-20,AED/INR,22.2523
2026-03-21,AED/INR,22.1927
2026-03-22,AED/INR,22.1906
2026-03-23,AED/INR,22.0596
2026-03-24,AED/INR,22.04
2026-03-25,AED/INR,22.0163
2026-03-26,AED/INR,22.0116
2026-03-27,AED/INR,21.8847
2026-03-28,AED/INR,21.8102
2026-03-29,AED/INR,21.7342
2026-03-30,AED/INR,21.7717
2026-03-31,AED/INR,21.7998
2026-04-01,AED/INR,21.7085
2026-04-02,AED/INR,21.5906
2026-04-03,AED/INR,21.532
2026-04-04,AED/INR,21.6666
2026-04-05,AED/INR,21.6163
2026-04-06,AED/INR,21.6523
2026-04-07,AED/INR,21.7435
2026-04-08,AED/INR,21.6924
2026-04-09,AED/INR,21.6428
2026-04-10,AED/INR,21.7375
2026-04-11,AED/INR,21.8453
2026-04-12,AED/INR,21.9876
2026-04-13,AED/INR,21.8784
2026-04-14,AED/INR,21.8246
2026-04-15,AED/INR,21.9588
2026-04-16,AED/INR,21.8691
2026-04-17,AED/INR,21.8133
2026-04-18,AED/INR,21.9527
2026-04-19,AED/INR,22.0933
2026-04-20,AED/INR,22.0308
2026-04-21,AED/INR,22.0892
2026-04-22,AED/INR,22.0865
2026-04-23,AED/INR,22.1093
2026-04-24,AED/INR,22.032
2026-04-25,AED/INR,21.9948
2026-04-26,AED/INR,22.0898
2026-04-27,AED/INR,22.0577
2026-04-28,AED/INR,21.9418
2026-04-29,AED/INR,21.961
2026-04-30,AED/INR,21.9887
2026-05-01,AED/INR,22.0024
2026-05-02,AED/INR,22.0569
2026-05-03,AED/INR,22.0719
2026-05-04,AED/INR,22.2078
2026-05-05,AED/INR,22.1963
2026-05-06,AED/INR,22.2588
2026-05-07,AED/INR,22.2403
2026-05-08,AED/INR,22.1777
2026-05-09,AED/INR,22.2356
2026-05-10,AED/INR,22.3313
2026-05-11,AED/INR,22.42
2026-05-12,AED/INR,22.3927
2026-05-13,AED/INR,22.3925
2026-05-14,AED/INR,22.4325
2026-05-15,AED/INR,22.3551
2026-05-16,AED/INR,22.4027
2026-05-17,AED/INR,22.4673
2026-05-18,AED/INR,22.554
2026-05-19,AED/INR,22.4262
2026-05-20,AED/INR,22.5734
2026-05-21,AED/INR,22.5672
2026-05-22,AED/INR,22.5374
2026-05-23,AED/INR,22.5394
2026-05-24,AED/INR,22.6655
2026-05-25,AED/INR,22.723
2026-05-26,AED/INR,22.7361
2026-05-27,AED/INR,22.8233
2026-05-28,AED/INR,22.7812
2026-05-29,AED/INR,22.8998
2026-05-30,AED/INR,22.9109
2026-05-31,AED/INR,22.9524
2026-06-01,AED/INR,22.8279
2026-06-02,AED/INR,22.9086
2026-06-03,AED/INR,22.9558
2026-06-04,AED/INR,22.9123
2026-06-05,AED/INR,22.9564
2026-06-06,AED/INR,22.8197
2026-06-07,AED/INR,22.9648
2026-06-08,AED/INR,23.0181
2026-06-09,AED/INR,22.9879
2026-06-10,AED/INR,23.0637
2026-06-11,AED/INR,23.2035
2026-06-12,AED/INR,23.1826
2026-06-13,AED/INR,23.0358
2026-06-14,AED/INR,22.9634
2026-06-15,AED/INR,22.9666
2026-06-16,AED/INR,22.9722
2026-06-17,AED/INR,22.9964
2026-06-18,AED/INR,23.0189
2026-06-19,AED/INR,23.0027
2026-06-20,AED/INR,22.97
2026-06-21,AED/INR,23.0517
2026-06-22,AED/INR,23.0783
2026-06-23,AED/INR,23.0784
2026-06-24,AED/INR,23.0319
2026-06-25,AED/INR,22.8893
2026-06-26,AED/INR,22.7707
2026-06-27,AED/INR,22.7455
2026-06-28,AED/INR,22.884
2026-06-29,AED/INR,22.7688
2026-06-30,AED/INR,22.901
2026-07-01,AED/INR,22.7935
2026-07-02,AED/INR,22.7371
2026-07-03,AED/INR,22.7237
2026-07-04,AED/INR,22.6357
2026-07-05,AED/INR,22.6306
2026-07-06,AED/INR,22.6235
2026-07-07,AED/INR,22.6049
2026-07-08,AED/INR,22.6639
2026-07-09,AED/INR,22.6096
2026-07-10,AED/INR,22.5497
2026-07-11,AED/INR,22.6427
2026-07-12,AED/INR,22.5273
2026-07-13,AED/INR,22.632
2026-07-14,AED/INR,22.6764
2026-07-15,AED/INR,22.7296
2026-07-16,AED/INR,22.6289
2026-07-17,AED/INR,22.774
2026-07-18,AED/INR,22.6972
2026-07-19,AED/INR,22.5995
2026-07-20,AED/INR,22.4976
2026-07-21,AED/INR,22.5155
2026-07-22,AED/INR,22.6531
2026-07-23,AED/INR,22.5726
2026-07-24,AED/INR,22.5441
2026-07-25,AED/INR,22.4495
2026-07-26,AED/INR,22.4916
2026-07-27,AED/INR,22.4713
2026-07-28,AED/INR,22.33
2026-07-29,AED/INR,22.3643
2026-07-30,AED/INR,22.2735
2026-07-31,AED/INR,22.3011
2026-08-01,AED/INR,22.2678
2026-08-02,AED/INR,22.3292
2026-08-03,AED/INR,22.2409
2026-08-04,AED/INR,22.3166
2026-08-05,AED/INR,22.4092
2026-08-06,AED/INR,22.278
2026-08-07,AED/INR,22.1585
2026-08-08,AED/INR,22.2701
2026-08-09,AED/INR,22.1762
2026-08-10,AED/INR,22.124
2026-08-11,AED/INR,22.1113
2026-08-12,AED/INR,22.04
2026-08-13,AED/INR,22.1488
2026-08-14,AED/INR,22.1571
2026-08-15,AED/INR,22.1988
2026-08-16,AED/INR,22.2279
2026-08-17,AED/INR,22.2613
2026-08-18,AED/INR,22.2874
2026-08-19,AED/INR,22.2418
2026-08-20,AED/INR,22.3454
2026-08-21,AED/INR,22.3806
2026-08-22,AED/INR,22.4748
2026-08-23,AED/INR,22.5366
2026-08-24,AED/INR,22.4758
2026-08-25,AED/INR,22.5101
2026-08-26,AED/INR,22.3856
2026-08-27,AED/INR,22.2758
2026-08-28,AED/INR,22.1611
2026-08-29,AED/INR,22.1027
2026-08-30,AED/INR,22.0076
2026-08-31,AED/INR,22.0657
2026-09-01,AED/INR,22.0689
2026-09-02,AED/INR,22.0444
2026-09-03,AED/INR,21.9357
2026-09-04,AED/INR,21.9009
2026-09-05,AED/INR,21.8066
2026-09-06,AED/INR,21.8472
