lc_id,shipment_id,direction,applicant,beneficiary,issuing_bank,advising_bank,currency,amount,issue_date,latest_shipment_date,expiry_date,partial_shipment_allowed,status,utilized_amount,documents_required,discrepancy_flag,discrepancy_note
LC-0001,SHP-0001,export,Garcia-James,Meridian Global Trading Pvt Ltd,BANK-003,BANK-004,USD,250898.29,2026-08-07,2026-09-12,2026-10-07,False,utilized,250898.29,"Commercial Invoice, Packing List, Bill of Lading, Certificate of Origin",False,
LC-0002,SHP-0006,export,Garcia-James,Meridian Global Trading Pvt Ltd,BANK-003,BANK-002,USD,244056.7,2026-07-27,2026-08-24,2026-09-08,True,partially_utilized,168549.59,"Commercial Invoice, Packing List, Bill of Lading, Certificate of Origin",True,Minor discrepancy in shipping documents -- bank referral pending
LC-0003,SHP-0037,import,Meridian Global Trading Pvt Ltd,"Mcclure, Ward and Lee",BANK-002,BANK-002,EUR,737622.73,2026-02-12,2026-03-06,2026-03-28,True,utilized,737622.73,"Commercial Invoice, Packing List, Bill of Lading, Certificate of Origin",True,Minor discrepancy in shipping documents -- bank referral pending
LC-0004,SHP-0046,import,Meridian Global Trading Pvt Ltd,"Mcclure, Ward and Lee",BANK-003,BANK-003,AED,272216.21,2026-09-04,2026-10-29,2026-11-16,True,utilized,272216.21,"Commercial Invoice, Packing List, Bill of Lading, Certificate of Origin",False,
LC-0005,SHP-0014,export,Garcia-James,Meridian Global Trading Pvt Ltd,BANK-003,BANK-001,USD,289049.53,2025-10-19,2025-12-20,2026-01-07,True,expired,0.0,"Commercial Invoice, Packing List, Bill of Lading, Certificate of Origin",False,
LC-0006,SHP-0055,import,Meridian Global Trading Pvt Ltd,Abbott-Munoz,BANK-001,BANK-005,AED,595978.34,2026-09-09,2026-10-22,2026-11-18,True,utilized,595978.34,"Commercial Invoice, Packing List, Bill of Lading, Certificate of Origin",False,
LC-0007,SHP-0034,export,"Guzman, Hoffman and Baldwin",Meridian Global Trading Pvt Ltd,BANK-001,BANK-005,USD,605703.98,2025-12-30,2026-01-30,2026-02-23,True,issued,0.0,"Commercial Invoice, Packing List, Bill of Lading, Certificate of Origin",False,
LC-0008,SHP-0049,import,Meridian Global Trading Pvt Ltd,Abbott-Munoz,BANK-003,BANK-001,USD,725282.29,2026-08-20,2026-10-05,2026-11-02,False,partially_utilized,515795.71,"Commercial Invoice, Packing List, Bill of Lading, Certificate of Origin",True,Minor discrepancy in shipping documents -- bank referral pending
LC-0009,SHP-0013,export,Garcia-James,Meridian Global Trading Pvt Ltd,BANK-002,BANK-004,USD,718585.56,2026-09-13,2026-10-12,2026-11-07,True,partially_utilized,479223.02,"Commercial Invoice, Packing List, Bill of Lading, Certificate of Origin",False,
LC-0010,SHP-0058,import,Meridian Global Trading Pvt Ltd,"Mcclure, Ward and Lee",BANK-005,BANK-003,AED,381743.86,2026-03-02,2026-04-12,2026-05-12,False,utilized,381743.86,"Commercial Invoice, Packing List, Bill of Lading, Certificate of Origin",False,
LC-0011,SHP-0047,import,Meridian Global Trading Pvt Ltd,Arnold Ltd,BANK-004,BANK-005,EUR,412744.53,2026-10-15,2026-11-19,2026-12-12,False,issued,0.0,"Commercial Invoice, Packing List, Bill of Lading, Certificate of Origin",False,
LC-0012,SHP-0051,import,Meridian Global Trading Pvt Ltd,"Mcclure, Ward and Lee",BANK-002,BANK-003,AED,781500.11,2025-09-19,2025-10-30,2025-11-29,False,issued,0.0,"Commercial Invoice, Packing List, Bill of Lading, Certificate of Origin",False,
LC-0013,SHP-0032,export,"Guzman, Hoffman and Baldwin",Meridian Global Trading Pvt Ltd,BANK-002,BANK-001,USD,149021.77,2025-12-27,2026-02-08,2026-03-03,True,partially_utilized,98359.93,"Commercial Invoice, Packing List, Bill of Lading, Certificate of Origin",False,
LC-0014,SHP-0004,export,Doyle Ltd,Meridian Global Trading Pvt Ltd,BANK-004,BANK-004,AED,837733.86,2026-09-01,2026-10-26,2026-11-17,True,partially_utilized,290297.13,"Commercial Invoice, Packing List, Bill of Lading, Certificate of Origin",False,
LC-0015,SHP-0053,import,Meridian Global Trading Pvt Ltd,Arnold Ltd,BANK-004,BANK-005,AED,393557.9,2026-04-18,2026-05-25,2026-06-16,False,utilized,393557.9,"Commercial Invoice, Packing List, Bill of Lading, Certificate of Origin",False,
LC-0016,SHP-0018,export,"Rodriguez, Figueroa and Sanchez",Meridian Global Trading Pvt Ltd,BANK-003,BANK-003,EUR,202780.43,2025-09-20,2025-11-11,2025-12-06,True,utilized,202780.43,"Commercial Invoice, Packing List, Bill of Lading, Certificate of Origin",False,
LC-0017,SHP-0009,export,Garcia-James,Meridian Global Trading Pvt Ltd,BANK-002,BANK-002,AED,375600.08,2025-10-22,2025-11-23,2025-12-14,True,utilized,375600.08,"Commercial Invoice, Packing List, Bill of Lading, Certificate of Origin",False,
LC-0018,SHP-0007,export,"Gardner, Robinson and Lawrence",Meridian Global Trading Pvt Ltd,BANK-003,BANK-002,USD,688188.01,2026-07-05,2026-08-26,2026-09-19,False,issued,0.0,"Commercial Invoice, Packing List, Bill of Lading, Certificate of Origin",False,
LC-0019,SHP-0041,import,Meridian Global Trading Pvt Ltd,"Mcclure, Ward and Lee",BANK-001,BANK-001,AED,747941.88,2026-10-10,2026-11-12,2026-11-27,False,partially_utilized,485196.4,"Commercial Invoice, Packing List, Bill of Lading, Certificate of Origin",False,
LC-0020,SHP-0005,export,"Gardner, Robinson and Lawrence",Meridian Global Trading Pvt Ltd,BANK-003,BANK-004,AED,576245.39,2025-09-29,2025-11-01,2025-12-01,False,utilized,576245.39,"Commercial Invoice, Packing List, Bill of Lading, Certificate of Origin",True,Minor discrepancy in shipping documents -- bank referral pending
LC-0021,SHP-0044,import,Meridian Global Trading Pvt Ltd,Arnold Ltd,BANK-004,BANK-001,EUR,537218.99,2026-07-06,2026-08-25,2026-09-14,True,issued,0.0,"Commercial Invoice, Packing List, Bill of Lading, Certificate of Origin",False,
LC-0022,SHP-0020,export,"Henderson, Ramirez and Lewis",Meridian Global Trading Pvt Ltd,BANK-002,BANK-002,AED,178040.23,2026-04-25,2026-06-12,2026-06-29,False,partially_utilized,60994.88,"Commercial Invoice, Packing List, Bill of Lading, Certificate of Origin",False,
LC-0023,SHP-0035,export,"Mcclain, Miller and Henderson",Meridian Global Trading Pvt Ltd,BANK-002,BANK-005,AED,503482.94,2025-09-28,2025-11-02,2025-11-30,False,partially_utilized,264458.06,"Commercial Invoice, Packing List, Bill of Lading, Certificate of Origin",False,
LC-0024,SHP-0059,import,Meridian Global Trading Pvt Ltd,Blair PLC,BANK-005,BANK-001,AED,463322.61,2026-09-01,2026-10-21,2026-11-18,True,utilized,463322.61,"Commercial Invoice, Packing List, Bill of Lading, Certificate of Origin",False,
LC-0025,SHP-0026,export,"Gardner, Robinson and Lawrence",Meridian Global Trading Pvt Ltd,BANK-002,BANK-005,AED,437365.82,2026-09-15,2026-11-15,2026-12-08,True,partially_utilized,165440.75,"Commercial Invoice, Packing List, Bill of Lading, Certificate of Origin",False,
LC-0026,SHP-0057,import,Meridian Global Trading Pvt Ltd,Arnold Ltd,BANK-003,BANK-004,AED,267848.5,2026-07-13,2026-08-31,2026-09-30,True,utilized,267848.5,"Commercial Invoice, Packing List, Bill of Lading, Certificate of Origin",False,
LC-0027,SHP-0016,export,"Henderson, Ramirez and Lewis",Meridian Global Trading Pvt Ltd,BANK-002,BANK-003,USD,744119.42,2025-09-07,2025-10-13,2025-11-03,True,utilized,744119.42,"Commercial Invoice, Packing List, Bill of Lading, Certificate of Origin",False,
LC-0028,SHP-0028,export,Doyle Ltd,Meridian Global Trading Pvt Ltd,BANK-005,BANK-003,USD,453909.65,2026-05-31,2026-06-24,2026-07-14,False,expired,0.0,"Commercial Invoice, Packing List, Bill of Lading, Certificate of Origin",False,
LC-0029,SHP-0010,export,Garcia-James,Meridian Global Trading Pvt Ltd,BANK-005,BANK-005,USD,734715.42,2026-02-11,2026-03-13,2026-04-06,False,partially_utilized,381228.72,"Commercial Invoice, Packing List, Bill of Lading, Certificate of Origin",False,
LC-0030,SHP-0031,export,"Guzman, Hoffman and Baldwin",Meridian Global Trading Pvt Ltd,BANK-001,BANK-001,AED,26493.18,2026-01-15,2026-03-14,2026-04-11,True,expired,0.0,"Commercial Invoice, Packing List, Bill of Lading, Certificate of Origin",False,
LC-0031,SHP-0027,export,"Mcclain, Miller and Henderson",Meridian Global Trading Pvt Ltd,BANK-003,BANK-005,USD,355133.71,2025-09-30,2025-11-29,2025-12-14,True,issued,0.0,"Commercial Invoice, Packing List, Bill of Lading, Certificate of Origin",False,
LC-0032,SHP-0017,export,Davis and Sons,Meridian Global Trading Pvt Ltd,BANK-005,BANK-004,AED,383623.07,2025-11-22,2025-12-26,2026-01-24,False,issued,0.0,"Commercial Invoice, Packing List, Bill of Lading, Certificate of Origin",False,
LC-0033,SHP-0025,export,Garcia-James,Meridian Global Trading Pvt Ltd,BANK-001,BANK-002,AED,200691.75,2025-12-25,2026-01-22,2026-02-17,False,utilized,200691.75,"Commercial Invoice, Packing List, Bill of Lading, Certificate of Origin",False,
