fx_deal_id,valuation_date,booked_rate,market_rate,mtm_gain_loss_inr
FX-0001,2026-09-06,81.333,81.2377,-23910.61
FX-0004,2026-09-06,21.7497,21.8472,-26541.08
FX-0006,2026-09-06,21.9161,21.8472,41062.91
FX-0008,2026-09-06,81.3151,81.2377,56136.85
FX-0009,2026-09-06,80.9674,81.2377,194233.68
FX-0011,2026-09-06,90.7675,91.1937,-175911.72
FX-0014,2026-09-06,21.8496,21.8472,-2010.56
FX-0018,2026-09-06,80.6002,81.2377,438719.86
FX-0019,2026-09-06,21.8988,21.8472,38593.8
FX-0021,2026-09-06,90.8217,91.1937,-199845.46
FX-0024,2026-09-06,21.8991,21.8472,24046.44
FX-0025,2026-09-06,21.8932,21.8472,-20118.83
FX-0026,2026-09-06,22.1745,21.8472,87666.81
