payment_id,shipment_id,mode,counterparty_bank,currency,amount,payment_date,status
PAY-0001,SHP-0036,direct,BANK-004,EUR,586115.35,,scheduled
PAY-0002,SHP-0037,lc_backed,BANK-005,EUR,737622.73,2026-05-01,paid
PAY-0003,SHP-0038,advance,BANK-003,AED,241448.74,2025-11-17,paid
PAY-0004,SHP-0039,advance,BANK-002,EUR,310216.49,2025-10-17,paid
PAY-0005,SHP-0040,advance,BANK-001,USD,822517.96,2025-12-11,paid
PAY-0006,SHP-0041,lc_backed,BANK-004,AED,747941.88,,scheduled
PAY-0007,SHP-0042,advance,BANK-003,USD,382206.92,,scheduled
PAY-0008,SHP-0043,direct,BANK-003,USD,451533.89,2025-12-20,paid
PAY-0009,SHP-0044,lc_backed,BANK-005,EUR,537218.99,,scheduled
PAY-0010,SHP-0045,direct,BANK-003,AED,480162.36,2025-12-22,paid
PAY-0011,SHP-0046,lc_backed,BANK-005,AED,272216.21,,scheduled
PAY-0012,SHP-0047,lc_backed,BANK-002,EUR,412744.53,,scheduled
PAY-0013,SHP-0048,direct,BANK-002,AED,578420.41,2025-12-24,paid
PAY-0014,SHP-0049,lc_backed,BANK-001,USD,725282.29,,scheduled
PAY-0015,SHP-0050,advance,BANK-001,AED,142484.22,,scheduled
PAY-0016,SHP-0051,lc_backed,BANK-002,AED,781500.11,2025-12-17,paid
PAY-0017,SHP-0052,direct,BANK-003,AED,528501.43,,scheduled
PAY-0018,SHP-0053,lc_backed,BANK-002,AED,393557.9,2026-07-11,paid
PAY-0019,SHP-0054,direct,BANK-005,AED,612242.24,2026-08-29,paid
PAY-0020,SHP-0055,lc_backed,BANK-005,AED,595978.34,,scheduled
PAY-0021,SHP-0056,advance,BANK-003,AED,343265.75,2025-09-28,paid
PAY-0022,SHP-0057,lc_backed,BANK-003,AED,267848.5,,scheduled
PAY-0023,SHP-0058,lc_backed,BANK-001,AED,381743.86,2026-06-01,paid
PAY-0024,SHP-0059,lc_backed,BANK-001,AED,463322.61,,scheduled
PAY-0025,SHP-0060,direct,BANK-004,EUR,334656.21,2026-07-24,paid
