remittance_id,shipment_id,mode,counterparty_bank,currency,amount,expected_date,actual_date,status,days_overdue
RMT-0002,SHP-0002,advance,BANK-004,USD,100274.59,2026-01-14,2026-01-17,realized,0
RMT-0003,SHP-0003,direct,BANK-004,AED,85404.16,2026-08-22,,overdue,15
RMT-0005,SHP-0005,lc_backed,BANK-002,AED,576245.39,2025-12-17,2025-12-19,realized,0
RMT-0006,SHP-0006,lc_backed,BANK-001,USD,244056.7,2026-09-24,,pending,0
RMT-0007,SHP-0007,lc_backed,BANK-005,USD,688188.01,2026-10-17,,pending,0
RMT-0008,SHP-0008,advance,BANK-004,AED,754287.02,2025-11-09,2025-11-12,realized,0
RMT-0009,SHP-0009,lc_backed,BANK-004,AED,375600.08,2025-12-22,2025-12-23,realized,0
RMT-0010,SHP-0010,lc_backed,BANK-002,USD,734715.42,2026-04-08,2026-04-10,realized,0
RMT-0012,SHP-0012,advance,BANK-004,AED,151270.94,2025-10-07,2025-10-04,realized,0
RMT-0014,SHP-0014,lc_backed,BANK-005,USD,289049.53,2026-01-17,2026-01-16,realized,0
RMT-0016,SHP-0016,lc_backed,BANK-001,USD,744119.42,2025-12-11,2025-12-13,realized,0
RMT-0017,SHP-0017,lc_backed,BANK-005,AED,383623.07,2026-02-20,2026-02-23,realized,0
RMT-0018,SHP-0018,lc_backed,BANK-004,EUR,202780.43,2025-12-18,2025-12-17,realized,0
RMT-0020,SHP-0020,lc_backed,BANK-002,AED,178040.23,2026-07-03,,overdue,65
RMT-0022,SHP-0022,advance,BANK-001,EUR,392349.24,2025-11-20,2025-11-22,realized,0
RMT-0023,SHP-0023,advance,BANK-001,USD,713902.9,2026-03-14,2026-03-17,realized,0
RMT-0024,SHP-0024,advance,BANK-003,EUR,334547.69,2026-02-04,2026-02-06,realized,0
RMT-0025,SHP-0025,lc_backed,BANK-003,AED,200691.75,2026-03-04,2026-03-01,realized,0
RMT-0027,SHP-0027,lc_backed,BANK-003,USD,355133.71,2025-12-14,2025-12-13,realized,0
RMT-0028,SHP-0028,lc_backed,BANK-005,USD,453909.65,2026-08-04,2026-08-02,realized,0
RMT-0029,SHP-0029,advance,BANK-002,EUR,27731.83,2026-01-28,2026-01-26,realized,0
RMT-0030,SHP-0030,direct,BANK-002,USD,751117.26,2026-07-24,,overdue,44
RMT-0031,SHP-0031,lc_backed,BANK-002,AED,26493.18,2026-05-01,2026-05-02,realized,0
RMT-0032,SHP-0032,lc_backed,BANK-003,USD,149021.77,2026-03-06,2026-03-06,realized,0
RMT-0034,SHP-0034,lc_backed,BANK-001,USD,605703.98,2026-02-25,2026-02-24,realized,0
RMT-0035,SHP-0035,lc_backed,BANK-005,AED,503482.94,2025-12-05,2025-12-04,realized,0
