facility_id,facility_type,direction,linked_shipment_id,currency,principal_amount,disbursement_date,tenor_days,due_date,status,repayment_date,repayment_amount,repayment_source
TFF-0001,packing_credit,export,SHP-0001,INR,17963934.24,2026-08-03,148,2026-12-29,outstanding,,0.0,
TFF-0002,packing_credit,export,SHP-0002,INR,6809035.93,2025-10-06,101,2026-01-15,repaid,2026-01-17,6809035.93,RMT-0002
TFF-0003,packing_credit,export,SHP-0005,INR,10905751.7,2025-09-08,141,2026-01-27,repaid,2025-12-19,10905751.7,RMT-0005
TFF-0004,packing_credit,export,SHP-0006,INR,15377690.95,2026-07-28,128,2026-12-03,outstanding,,0.0,
TFF-0005,packing_credit,export,SHP-0009,INR,6519065.68,2025-10-09,96,2026-01-13,repaid,2025-12-23,6519065.68,RMT-0009
TFF-0006,packing_credit,export,SHP-0012,INR,2914293.38,2025-08-01,147,2025-12-26,repaid,2025-10-04,2914293.38,RMT-0012
TFF-0007,packing_credit,export,SHP-0013,INR,40888256.67,2026-08-10,118,2026-12-06,outstanding,,0.0,
TFF-0008,packing_credit,export,SHP-0015,INR,6658860.05,2026-09-03,60,2026-11-02,outstanding,,0.0,
TFF-0009,packing_credit,export,SHP-0016,INR,47065016.98,2025-09-13,143,2026-02-03,repaid,2025-12-13,47065016.98,RMT-0016
TFF-0010,packing_credit,export,SHP-0019,INR,14521981.74,2026-08-01,92,2026-11-01,outstanding,,0.0,
TFF-0011,packing_credit,export,SHP-0022,INR,29845139.81,2025-08-27,99,2025-12-04,repaid,2025-11-22,29845139.81,RMT-0022
TFF-0012,packing_credit,export,SHP-0024,INR,21547308.14,2025-12-11,150,2026-05-10,repaid,2026-02-06,21547308.14,RMT-0024
TFF-0013,packing_credit,export,SHP-0025,INR,3738050.89,2025-12-26,76,2026-03-12,repaid,2026-03-01,3738050.89,RMT-0025
TFF-0014,packing_credit,export,SHP-0027,INR,22766055.85,2025-11-05,149,2026-04-03,repaid,2025-12-13,22766055.85,RMT-0027
TFF-0015,packing_credit,export,SHP-0028,INR,26787676.16,2026-05-08,148,2026-10-03,repaid,2026-08-02,26787676.16,RMT-0028
TFF-0016,packing_credit,export,SHP-0029,INR,2118119.69,2025-11-05,71,2026-01-15,repaid,2026-01-26,2118119.69,RMT-0029
TFF-0017,packing_credit,export,SHP-0030,INR,53601242.95,2026-05-12,107,2026-08-27,outstanding,,0.0,
TFF-0018,packing_credit,export,SHP-0031,INR,554592.78,2026-02-14,142,2026-07-06,repaid,2026-05-02,554592.78,RMT-0031
TFF-0019,packing_credit,export,SHP-0032,INR,8614872.4,2025-12-15,132,2026-04-26,repaid,2026-03-06,8614872.4,RMT-0032
TFF-0020,packing_credit,export,SHP-0034,INR,42468137.31,2025-12-23,140,2026-05-12,repaid,2026-02-24,42468137.31,RMT-0034
TFF-0021,trust_receipt,import,SHP-0045,AED,480162.36,2025-12-22,96,2026-03-28,repaid,2026-03-23,480162.36,own_funds
TFF-0022,buyers_credit,import,SHP-0054,AED,612242.24,2026-08-29,113,2026-12-20,outstanding,,0.0,
